-- MySQL Script generated by MySQL Workbench
-- Sun Dec  3 21:41:48 2017
-- Model: New Model    Version: 1.0
-- MySQL Workbench Forward Engineering

SET @OLD_UNIQUE_CHECKS=@@UNIQUE_CHECKS, UNIQUE_CHECKS=0;
SET @OLD_FOREIGN_KEY_CHECKS=@@FOREIGN_KEY_CHECKS, FOREIGN_KEY_CHECKS=0;
SET @OLD_SQL_MODE=@@SQL_MODE, SQL_MODE='TRADITIONAL,ALLOW_INVALID_DATES';

-- -----------------------------------------------------
-- Schema bioMed3
-- -----------------------------------------------------

-- -----------------------------------------------------
-- Schema bioMed3
-- -----------------------------------------------------
CREATE SCHEMA IF NOT EXISTS `bioMed3` DEFAULT CHARACTER SET utf8 ;
USE `bioMed3` ;

-- -----------------------------------------------------
-- Table `bioMed3`.`Company`
-- -----------------------------------------------------
DROP TABLE IF EXISTS `bioMed3`.`Company` ;

CREATE TABLE IF NOT EXISTS `bioMed3`.`Company` (
  `CompanyID` INT NOT NULL AUTO_INCREMENT,
  `ContactFName` VARCHAR(45) NULL,
  `CompanyLName` VARCHAR(45) NULL,
  `CompanyStreetAddress` VARCHAR(45) NULL,
  `CompanyPostalCode` VARCHAR(45) NULL,
  `CompanyType` VARCHAR(45) NULL,
  PRIMARY KEY (`CompanyID`))
ENGINE = InnoDB;


-- -----------------------------------------------------
-- Table `bioMed3`.`Supplier`
-- -----------------------------------------------------
DROP TABLE IF EXISTS `bioMed3`.`Supplier` ;

CREATE TABLE IF NOT EXISTS `bioMed3`.`Supplier` (
  `SupplierID` INT NOT NULL AUTO_INCREMENT,
  `IndustryRating` INT(1) NULL,
  `Company_CompanyID` INT NOT NULL,
  PRIMARY KEY (`SupplierID`),
  INDEX `fk_Supplier_Company1_idx` (`Company_CompanyID` ASC),
  CONSTRAINT `fk_Supplier_Company1`
    FOREIGN KEY (`Company_CompanyID`)
    REFERENCES `bioMed3`.`Company` (`CompanyID`)
    ON DELETE NO ACTION
    ON UPDATE NO ACTION)
ENGINE = InnoDB;


-- -----------------------------------------------------
-- Table `bioMed3`.`RawMaterial`
-- -----------------------------------------------------
DROP TABLE IF EXISTS `bioMed3`.`RawMaterial` ;

CREATE TABLE IF NOT EXISTS `bioMed3`.`RawMaterial` (
  `RawMaterialID` INT NOT NULL AUTO_INCREMENT,
  `MaterialName` VARCHAR(45) NULL,
  `MaterialOrigin` VARCHAR(45) NULL,
  PRIMARY KEY (`RawMaterialID`))
ENGINE = InnoDB;


-- -----------------------------------------------------
-- Table `bioMed3`.`Produces`
-- -----------------------------------------------------
DROP TABLE IF EXISTS `bioMed3`.`Produces` ;

CREATE TABLE IF NOT EXISTS `bioMed3`.`Produces` (
  `Supplier_SupplierID` INT NOT NULL,
  `RawMaterial_RawMaterialID` INT NOT NULL,
  `SupplierType` VARCHAR(45) NULL,
  INDEX `fk_Supplier_has_RawMaterial_RawMaterial1_idx` (`RawMaterial_RawMaterialID` ASC),
  INDEX `fk_Supplier_has_RawMaterial_Supplier_idx` (`Supplier_SupplierID` ASC),
  CONSTRAINT `fk_Supplier_has_RawMaterial_Supplier`
    FOREIGN KEY (`Supplier_SupplierID`)
    REFERENCES `bioMed3`.`Supplier` (`SupplierID`)
    ON DELETE NO ACTION
    ON UPDATE NO ACTION,
  CONSTRAINT `fk_Supplier_has_RawMaterial_RawMaterial1`
    FOREIGN KEY (`RawMaterial_RawMaterialID`)
    REFERENCES `bioMed3`.`RawMaterial` (`RawMaterialID`)
    ON DELETE NO ACTION
    ON UPDATE NO ACTION)
ENGINE = InnoDB;


-- -----------------------------------------------------
-- Table `bioMed3`.`ProcessingFacilities`
-- -----------------------------------------------------
DROP TABLE IF EXISTS `bioMed3`.`ProcessingFacilities` ;

CREATE TABLE IF NOT EXISTS `bioMed3`.`ProcessingFacilities` (
  `ProcessingFacilitiesID` INT NOT NULL,
  `Company_CompanyID` INT NOT NULL,
  PRIMARY KEY (`ProcessingFacilitiesID`),
  INDEX `fk_ProcessingFacilities_Company1_idx` (`Company_CompanyID` ASC),
  CONSTRAINT `fk_ProcessingFacilities_Company1`
    FOREIGN KEY (`Company_CompanyID`)
    REFERENCES `bioMed3`.`Company` (`CompanyID`)
    ON DELETE NO ACTION
    ON UPDATE NO ACTION)
ENGINE = InnoDB;


-- -----------------------------------------------------
-- Table `bioMed3`.`FacilitiesLicenseNumber`
-- -----------------------------------------------------
DROP TABLE IF EXISTS `bioMed3`.`FacilitiesLicenseNumber` ;

CREATE TABLE IF NOT EXISTS `bioMed3`.`FacilitiesLicenseNumber` (
  `FlnID` INT NOT NULL AUTO_INCREMENT,
  `RawMaterial_RawMaterialID` INT NOT NULL,
  `ProcessingFacilities_ProcessingFacilitiesID` INT NOT NULL,
  `FacilitiesLicenseNumber` VARCHAR(9) NOT NULL,
  INDEX `fk_RawMaterial_has_ProcessingFacilities_ProcessingFacilitie_idx` (`ProcessingFacilities_ProcessingFacilitiesID` ASC),
  INDEX `fk_RawMaterial_has_ProcessingFacilities_RawMaterial1_idx` (`RawMaterial_RawMaterialID` ASC),
  PRIMARY KEY (`FlnID`),
  CONSTRAINT `fk_RawMaterial_has_ProcessingFacilities_RawMaterial1`
    FOREIGN KEY (`RawMaterial_RawMaterialID`)
    REFERENCES `bioMed3`.`RawMaterial` (`RawMaterialID`)
    ON DELETE NO ACTION
    ON UPDATE NO ACTION,
  CONSTRAINT `fk_RawMaterial_has_ProcessingFacilities_ProcessingFacilities1`
    FOREIGN KEY (`ProcessingFacilities_ProcessingFacilitiesID`)
    REFERENCES `bioMed3`.`ProcessingFacilities` (`ProcessingFacilitiesID`)
    ON DELETE NO ACTION
    ON UPDATE NO ACTION)
ENGINE = InnoDB;


-- -----------------------------------------------------
-- Table `bioMed3`.`Products`
-- -----------------------------------------------------
DROP TABLE IF EXISTS `bioMed3`.`Products` ;

CREATE TABLE IF NOT EXISTS `bioMed3`.`Products` (
  `ProductID` INT NOT NULL AUTO_INCREMENT,
  `ProductName` VARCHAR(45) NULL,
  `ProductPrice` INT NULL,
  `Treatment` TEXT NULL,
  PRIMARY KEY (`ProductID`))
ENGINE = InnoDB;


-- -----------------------------------------------------
-- Table `bioMed3`.`Distributors`
-- -----------------------------------------------------
DROP TABLE IF EXISTS `bioMed3`.`Distributors` ;

CREATE TABLE IF NOT EXISTS `bioMed3`.`Distributors` (
  `DistributorID` INT NOT NULL AUTO_INCREMENT,
  `YearsWithUs` INT NULL,
  `Company_CompanyID` INT NOT NULL,
  PRIMARY KEY (`DistributorID`),
  INDEX `fk_Distributors_Company1_idx` (`Company_CompanyID` ASC),
  CONSTRAINT `fk_Distributors_Company1`
    FOREIGN KEY (`Company_CompanyID`)
    REFERENCES `bioMed3`.`Company` (`CompanyID`)
    ON DELETE NO ACTION
    ON UPDATE NO ACTION)
ENGINE = InnoDB;


-- -----------------------------------------------------
-- Table `bioMed3`.`Distributors_has_Products`
-- -----------------------------------------------------
DROP TABLE IF EXISTS `bioMed3`.`Distributors_has_Products` ;

CREATE TABLE IF NOT EXISTS `bioMed3`.`Distributors_has_Products` (
  `Distributors_DistributorID` INT NOT NULL,
  `Products_ProductID` INT NOT NULL,
  INDEX `fk_Distributors_has_Products_Products1_idx` (`Products_ProductID` ASC),
  INDEX `fk_Distributors_has_Products_Distributors1_idx` (`Distributors_DistributorID` ASC),
  CONSTRAINT `fk_Distributors_has_Products_Distributors1`
    FOREIGN KEY (`Distributors_DistributorID`)
    REFERENCES `bioMed3`.`Distributors` (`DistributorID`)
    ON DELETE NO ACTION
    ON UPDATE NO ACTION,
  CONSTRAINT `fk_Distributors_has_Products_Products1`
    FOREIGN KEY (`Products_ProductID`)
    REFERENCES `bioMed3`.`Products` (`ProductID`)
    ON DELETE NO ACTION
    ON UPDATE NO ACTION)
ENGINE = InnoDB;


-- -----------------------------------------------------
-- Table `bioMed3`.`Retailer`
-- -----------------------------------------------------
DROP TABLE IF EXISTS `bioMed3`.`Retailer` ;

CREATE TABLE IF NOT EXISTS `bioMed3`.`Retailer` (
  `RetailerID` INT NOT NULL AUTO_INCREMENT,
  `Company_CompanyID` INT NOT NULL,
  PRIMARY KEY (`RetailerID`),
  INDEX `fk_Retailer_Company1_idx` (`Company_CompanyID` ASC),
  CONSTRAINT `fk_Retailer_Company1`
    FOREIGN KEY (`Company_CompanyID`)
    REFERENCES `bioMed3`.`Company` (`CompanyID`)
    ON DELETE NO ACTION
    ON UPDATE NO ACTION)
ENGINE = InnoDB;


-- -----------------------------------------------------
-- Table `bioMed3`.`RetailLicenseNumber`
-- -----------------------------------------------------
DROP TABLE IF EXISTS `bioMed3`.`RetailLicenseNumber` ;

CREATE TABLE IF NOT EXISTS `bioMed3`.`RetailLicenseNumber` (
  `RlnID` INT NOT NULL AUTO_INCREMENT,
  `Distributors_DistributorID` INT NOT NULL,
  `Retailer_RetailerID` INT NOT NULL,
  `RetailLicenseNumber` VARCHAR(10) NULL,
  INDEX `fk_Distributors_has_Retailer_Retailer1_idx` (`Retailer_RetailerID` ASC),
  INDEX `fk_Distributors_has_Retailer_Distributors1_idx` (`Distributors_DistributorID` ASC),
  PRIMARY KEY (`RlnID`),
  CONSTRAINT `fk_Distributors_has_Retailer_Distributors1`
    FOREIGN KEY (`Distributors_DistributorID`)
    REFERENCES `bioMed3`.`Distributors` (`DistributorID`)
    ON DELETE NO ACTION
    ON UPDATE NO ACTION,
  CONSTRAINT `fk_Distributors_has_Retailer_Retailer1`
    FOREIGN KEY (`Retailer_RetailerID`)
    REFERENCES `bioMed3`.`Retailer` (`RetailerID`)
    ON DELETE NO ACTION
    ON UPDATE NO ACTION)
ENGINE = InnoDB;


-- -----------------------------------------------------
-- Table `bioMed3`.`Doctor`
-- -----------------------------------------------------
DROP TABLE IF EXISTS `bioMed3`.`Doctor` ;

CREATE TABLE IF NOT EXISTS `bioMed3`.`Doctor` (
  `DoctorID` INT NOT NULL AUTO_INCREMENT,
  `DoctorName` VARCHAR(45) NULL,
  `DoctorPhoneNumber` VARCHAR(45) NULL,
  `StreetAddress` VARCHAR(45) NULL,
  `InstitutionDegree` VARCHAR(45) NULL,
  `PostalCode` VARCHAR(45) NULL,
  PRIMARY KEY (`DoctorID`))
ENGINE = InnoDB;


-- -----------------------------------------------------
-- Table `bioMed3`.`Customer`
-- -----------------------------------------------------
DROP TABLE IF EXISTS `bioMed3`.`Customer` ;

CREATE TABLE IF NOT EXISTS `bioMed3`.`Customer` (
  `CustomerID` INT NOT NULL AUTO_INCREMENT,
  `CustomerName` VARCHAR(45) NULL,
  `CustomerPhoneNumber` VARCHAR(45) NULL,
  `StreetAddress` VARCHAR(45) NULL,
  `Age` INT NULL,
  `Gender` VARCHAR(45) NULL,
  `BloodType` VARCHAR(2) NULL,
  `PostalCode` VARCHAR(45) NULL,
  PRIMARY KEY (`CustomerID`))
ENGINE = InnoDB;


-- -----------------------------------------------------
-- Table `bioMed3`.`Perscription`
-- -----------------------------------------------------
DROP TABLE IF EXISTS `bioMed3`.`Perscription` ;

CREATE TABLE IF NOT EXISTS `bioMed3`.`Perscription` (
  `PerscriptionID` INT NOT NULL AUTO_INCREMENT,
  `PerscriptionNotes` TEXT NULL,
  `Doctor_DoctorID` INT NOT NULL,
  `Customer_CustomerID` INT NOT NULL,
  `PerscriptionDate` DATE NULL,
  `PerscriptionQuantity` INT NULL,
  PRIMARY KEY (`PerscriptionID`),
  INDEX `fk_Perscription_Doctor1_idx` (`Doctor_DoctorID` ASC),
  INDEX `fk_Perscription_Customer1_idx` (`Customer_CustomerID` ASC),
  CONSTRAINT `fk_Perscription_Doctor1`
    FOREIGN KEY (`Doctor_DoctorID`)
    REFERENCES `bioMed3`.`Doctor` (`DoctorID`)
    ON DELETE NO ACTION
    ON UPDATE NO ACTION,
  CONSTRAINT `fk_Perscription_Customer1`
    FOREIGN KEY (`Customer_CustomerID`)
    REFERENCES `bioMed3`.`Customer` (`CustomerID`)
    ON DELETE NO ACTION
    ON UPDATE NO ACTION)
ENGINE = InnoDB;


-- -----------------------------------------------------
-- Table `bioMed3`.`Retailer_Perscription`
-- -----------------------------------------------------
DROP TABLE IF EXISTS `bioMed3`.`Retailer_Perscription` ;

CREATE TABLE IF NOT EXISTS `bioMed3`.`Retailer_Perscription` (
  `Retailer_RetailerID` INT NOT NULL,
  `Perscription_PerscriptionID` INT NOT NULL,
  INDEX `fk_Retailer_has_Perscription_Perscription1_idx` (`Perscription_PerscriptionID` ASC),
  INDEX `fk_Retailer_has_Perscription_Retailer1_idx` (`Retailer_RetailerID` ASC),
  CONSTRAINT `fk_Retailer_has_Perscription_Retailer1`
    FOREIGN KEY (`Retailer_RetailerID`)
    REFERENCES `bioMed3`.`Retailer` (`RetailerID`)
    ON DELETE NO ACTION
    ON UPDATE NO ACTION,
  CONSTRAINT `fk_Retailer_has_Perscription_Perscription1`
    FOREIGN KEY (`Perscription_PerscriptionID`)
    REFERENCES `bioMed3`.`Perscription` (`PerscriptionID`)
    ON DELETE NO ACTION
    ON UPDATE NO ACTION)
ENGINE = InnoDB;


-- -----------------------------------------------------
-- Table `bioMed3`.`Products_has_ProcessingFacilities`
-- -----------------------------------------------------
DROP TABLE IF EXISTS `bioMed3`.`Products_has_ProcessingFacilities` ;

CREATE TABLE IF NOT EXISTS `bioMed3`.`Products_has_ProcessingFacilities` (
  `Products_ProductID` INT NOT NULL,
  `ProcessingFacilities_ProcessingFacilitiesID` INT NOT NULL,
  INDEX `fk_Products_has_ProcessingFacilities_ProcessingFacilities1_idx` (`ProcessingFacilities_ProcessingFacilitiesID` ASC),
  INDEX `fk_Products_has_ProcessingFacilities_Products1_idx` (`Products_ProductID` ASC),
  CONSTRAINT `fk_Products_has_ProcessingFacilities_Products1`
    FOREIGN KEY (`Products_ProductID`)
    REFERENCES `bioMed3`.`Products` (`ProductID`)
    ON DELETE NO ACTION
    ON UPDATE NO ACTION,
  CONSTRAINT `fk_Products_has_ProcessingFacilities_ProcessingFacilities1`
    FOREIGN KEY (`ProcessingFacilities_ProcessingFacilitiesID`)
    REFERENCES `bioMed3`.`ProcessingFacilities` (`ProcessingFacilitiesID`)
    ON DELETE NO ACTION
    ON UPDATE NO ACTION)
ENGINE = InnoDB;


SET SQL_MODE=@OLD_SQL_MODE;
SET FOREIGN_KEY_CHECKS=@OLD_FOREIGN_KEY_CHECKS;
SET UNIQUE_CHECKS=@OLD_UNIQUE_CHECKS;

-- -----------------------------------------------------
-- Data for table `bioMed3`.`Company`
-- -----------------------------------------------------
START TRANSACTION;
USE `bioMed3`;
INSERT INTO `bioMed3`.`Company` (`CompanyID`, `ContactFName`, `CompanyLName`, `CompanyStreetAddress`, `CompanyPostalCode`, `CompanyType`) VALUES (101, 'aboud', 'dalab', 'rue simpson', 'h3g 2j4', 'R');
INSERT INTO `bioMed3`.`Company` (`CompanyID`, `ContactFName`, `CompanyLName`, `CompanyStreetAddress`, `CompanyPostalCode`, `CompanyType`) VALUES (102, 'aboud2', 'dalab2', 'rue simpson2 ', 'h3g2j4-2', 'S');
INSERT INTO `bioMed3`.`Company` (`CompanyID`, `ContactFName`, `CompanyLName`, `CompanyStreetAddress`, `CompanyPostalCode`, `CompanyType`) VALUES (103, 'aboud3', 'dalab3', 'rue simpson3', 'h3g2j4-3', 'D');
INSERT INTO `bioMed3`.`Company` (`CompanyID`, `ContactFName`, `CompanyLName`, `CompanyStreetAddress`, `CompanyPostalCode`, `CompanyType`) VALUES (104, 'aboud4', 'dalab4', 'rue simpson4', 'h3g2j4-4', 'F');
INSERT INTO `bioMed3`.`Company` (`CompanyID`, `ContactFName`, `CompanyLName`, `CompanyStreetAddress`, `CompanyPostalCode`, `CompanyType`) VALUES (105, 'aboud5', 'dalab5', 'rue simpson5', 'h3g2j4-5', 'S');
INSERT INTO `bioMed3`.`Company` (`CompanyID`, `ContactFName`, `CompanyLName`, `CompanyStreetAddress`, `CompanyPostalCode`, `CompanyType`) VALUES (106, 'aboud6', 'dalab6', 'rue simpson6', 'h3g2j4-6', 'S');
INSERT INTO `bioMed3`.`Company` (`CompanyID`, `ContactFName`, `CompanyLName`, `CompanyStreetAddress`, `CompanyPostalCode`, `CompanyType`) VALUES (107, 'aboud7', 'dalab7', 'rue simpson7', 'h3g2j4-7', 'S');
INSERT INTO `bioMed3`.`Company` (`CompanyID`, `ContactFName`, `CompanyLName`, `CompanyStreetAddress`, `CompanyPostalCode`, `CompanyType`) VALUES (108, 'aboud8', 'dalab8', 'rue simpson8', 'h3g2j4-8', 'R');
INSERT INTO `bioMed3`.`Company` (`CompanyID`, `ContactFName`, `CompanyLName`, `CompanyStreetAddress`, `CompanyPostalCode`, `CompanyType`) VALUES (109, 'aboud9', 'dalab9', 'rue simpson9', 'h3g2j4-9', 'D');
INSERT INTO `bioMed3`.`Company` (`CompanyID`, `ContactFName`, `CompanyLName`, `CompanyStreetAddress`, `CompanyPostalCode`, `CompanyType`) VALUES (110, 'aboud10', 'dalab10', 'rue simpson10', 'h3g2j4-10', 'F');

COMMIT;


-- -----------------------------------------------------
-- Data for table `bioMed3`.`Supplier`
-- -----------------------------------------------------
START TRANSACTION;
USE `bioMed3`;
INSERT INTO `bioMed3`.`Supplier` (`SupplierID`, `IndustryRating`, `Company_CompanyID`) VALUES (201, 3, 102);
INSERT INTO `bioMed3`.`Supplier` (`SupplierID`, `IndustryRating`, `Company_CompanyID`) VALUES (202, 2, 102);
INSERT INTO `bioMed3`.`Supplier` (`SupplierID`, `IndustryRating`, `Company_CompanyID`) VALUES (203, 3, 105);
INSERT INTO `bioMed3`.`Supplier` (`SupplierID`, `IndustryRating`, `Company_CompanyID`) VALUES (204, 4, 106);
INSERT INTO `bioMed3`.`Supplier` (`SupplierID`, `IndustryRating`, `Company_CompanyID`) VALUES (205, 5, 107);
INSERT INTO `bioMed3`.`Supplier` (`SupplierID`, `IndustryRating`, `Company_CompanyID`) VALUES (206, 2, 102);
INSERT INTO `bioMed3`.`Supplier` (`SupplierID`, `IndustryRating`, `Company_CompanyID`) VALUES (207, 1, 105);
INSERT INTO `bioMed3`.`Supplier` (`SupplierID`, `IndustryRating`, `Company_CompanyID`) VALUES (208, 3, 106);
INSERT INTO `bioMed3`.`Supplier` (`SupplierID`, `IndustryRating`, `Company_CompanyID`) VALUES (209, 4, 107);
INSERT INTO `bioMed3`.`Supplier` (`SupplierID`, `IndustryRating`, `Company_CompanyID`) VALUES (210, 3, 102);

COMMIT;


-- -----------------------------------------------------
-- Data for table `bioMed3`.`RawMaterial`
-- -----------------------------------------------------
START TRANSACTION;
USE `bioMed3`;
INSERT INTO `bioMed3`.`RawMaterial` (`RawMaterialID`, `MaterialName`, `MaterialOrigin`) VALUES (301, NULL, 'Canada');
INSERT INTO `bioMed3`.`RawMaterial` (`RawMaterialID`, `MaterialName`, `MaterialOrigin`) VALUES (302, NULL, 'Australia');
INSERT INTO `bioMed3`.`RawMaterial` (`RawMaterialID`, `MaterialName`, `MaterialOrigin`) VALUES (303, NULL, 'US');
INSERT INTO `bioMed3`.`RawMaterial` (`RawMaterialID`, `MaterialName`, `MaterialOrigin`) VALUES (304, NULL, 'Mexico');
INSERT INTO `bioMed3`.`RawMaterial` (`RawMaterialID`, `MaterialName`, `MaterialOrigin`) VALUES (305, NULL, 'Italy');
INSERT INTO `bioMed3`.`RawMaterial` (`RawMaterialID`, `MaterialName`, `MaterialOrigin`) VALUES (306, NULL, 'UAE');
INSERT INTO `bioMed3`.`RawMaterial` (`RawMaterialID`, `MaterialName`, `MaterialOrigin`) VALUES (307, NULL, 'Canada');
INSERT INTO `bioMed3`.`RawMaterial` (`RawMaterialID`, `MaterialName`, `MaterialOrigin`) VALUES (308, NULL, 'Canada');
INSERT INTO `bioMed3`.`RawMaterial` (`RawMaterialID`, `MaterialName`, `MaterialOrigin`) VALUES (309, NULL, 'Canada');
INSERT INTO `bioMed3`.`RawMaterial` (`RawMaterialID`, `MaterialName`, `MaterialOrigin`) VALUES (310, NULL, 'UAE');

COMMIT;


-- -----------------------------------------------------
-- Data for table `bioMed3`.`Produces`
-- -----------------------------------------------------
START TRANSACTION;
USE `bioMed3`;
INSERT INTO `bioMed3`.`Produces` (`Supplier_SupplierID`, `RawMaterial_RawMaterialID`, `SupplierType`) VALUES (201, 301, 'local');
INSERT INTO `bioMed3`.`Produces` (`Supplier_SupplierID`, `RawMaterial_RawMaterialID`, `SupplierType`) VALUES (202, 302, 'international');
INSERT INTO `bioMed3`.`Produces` (`Supplier_SupplierID`, `RawMaterial_RawMaterialID`, `SupplierType`) VALUES (203, 303, 'local');
INSERT INTO `bioMed3`.`Produces` (`Supplier_SupplierID`, `RawMaterial_RawMaterialID`, `SupplierType`) VALUES (204, 304, 'local');
INSERT INTO `bioMed3`.`Produces` (`Supplier_SupplierID`, `RawMaterial_RawMaterialID`, `SupplierType`) VALUES (205, 305, 'local');
INSERT INTO `bioMed3`.`Produces` (`Supplier_SupplierID`, `RawMaterial_RawMaterialID`, `SupplierType`) VALUES (206, 306, 'international');
INSERT INTO `bioMed3`.`Produces` (`Supplier_SupplierID`, `RawMaterial_RawMaterialID`, `SupplierType`) VALUES (207, 307, 'international');
INSERT INTO `bioMed3`.`Produces` (`Supplier_SupplierID`, `RawMaterial_RawMaterialID`, `SupplierType`) VALUES (208, 308, 'international');
INSERT INTO `bioMed3`.`Produces` (`Supplier_SupplierID`, `RawMaterial_RawMaterialID`, `SupplierType`) VALUES (209, 309, 'local');
INSERT INTO `bioMed3`.`Produces` (`Supplier_SupplierID`, `RawMaterial_RawMaterialID`, `SupplierType`) VALUES (210, 310, 'international');

COMMIT;


-- -----------------------------------------------------
-- Data for table `bioMed3`.`ProcessingFacilities`
-- -----------------------------------------------------
START TRANSACTION;
USE `bioMed3`;
INSERT INTO `bioMed3`.`ProcessingFacilities` (`ProcessingFacilitiesID`, `Company_CompanyID`) VALUES (401, 104);
INSERT INTO `bioMed3`.`ProcessingFacilities` (`ProcessingFacilitiesID`, `Company_CompanyID`) VALUES (402, 110);
INSERT INTO `bioMed3`.`ProcessingFacilities` (`ProcessingFacilitiesID`, `Company_CompanyID`) VALUES (403, 104);
INSERT INTO `bioMed3`.`ProcessingFacilities` (`ProcessingFacilitiesID`, `Company_CompanyID`) VALUES (404, 110);
INSERT INTO `bioMed3`.`ProcessingFacilities` (`ProcessingFacilitiesID`, `Company_CompanyID`) VALUES (405, 104);
INSERT INTO `bioMed3`.`ProcessingFacilities` (`ProcessingFacilitiesID`, `Company_CompanyID`) VALUES (406, 110);
INSERT INTO `bioMed3`.`ProcessingFacilities` (`ProcessingFacilitiesID`, `Company_CompanyID`) VALUES (407, 104);
INSERT INTO `bioMed3`.`ProcessingFacilities` (`ProcessingFacilitiesID`, `Company_CompanyID`) VALUES (408, 110);
INSERT INTO `bioMed3`.`ProcessingFacilities` (`ProcessingFacilitiesID`, `Company_CompanyID`) VALUES (409, 104);
INSERT INTO `bioMed3`.`ProcessingFacilities` (`ProcessingFacilitiesID`, `Company_CompanyID`) VALUES (410, 110);

COMMIT;


-- -----------------------------------------------------
-- Data for table `bioMed3`.`FacilitiesLicenseNumber`
-- -----------------------------------------------------
START TRANSACTION;
USE `bioMed3`;
INSERT INTO `bioMed3`.`FacilitiesLicenseNumber` (`FlnID`, `RawMaterial_RawMaterialID`, `ProcessingFacilities_ProcessingFacilitiesID`, `FacilitiesLicenseNumber`) VALUES (DEFAULT, 301, 401, 'F28921901');
INSERT INTO `bioMed3`.`FacilitiesLicenseNumber` (`FlnID`, `RawMaterial_RawMaterialID`, `ProcessingFacilities_ProcessingFacilitiesID`, `FacilitiesLicenseNumber`) VALUES (DEFAULT, 302, 402, 'F28921902');
INSERT INTO `bioMed3`.`FacilitiesLicenseNumber` (`FlnID`, `RawMaterial_RawMaterialID`, `ProcessingFacilities_ProcessingFacilitiesID`, `FacilitiesLicenseNumber`) VALUES (DEFAULT, 303, 403, 'F28921903');
INSERT INTO `bioMed3`.`FacilitiesLicenseNumber` (`FlnID`, `RawMaterial_RawMaterialID`, `ProcessingFacilities_ProcessingFacilitiesID`, `FacilitiesLicenseNumber`) VALUES (DEFAULT, 304, 404, 'F28921904');
INSERT INTO `bioMed3`.`FacilitiesLicenseNumber` (`FlnID`, `RawMaterial_RawMaterialID`, `ProcessingFacilities_ProcessingFacilitiesID`, `FacilitiesLicenseNumber`) VALUES (DEFAULT, 305, 405, 'F28921905');
INSERT INTO `bioMed3`.`FacilitiesLicenseNumber` (`FlnID`, `RawMaterial_RawMaterialID`, `ProcessingFacilities_ProcessingFacilitiesID`, `FacilitiesLicenseNumber`) VALUES (DEFAULT, 306, 406, 'F28921906');
INSERT INTO `bioMed3`.`FacilitiesLicenseNumber` (`FlnID`, `RawMaterial_RawMaterialID`, `ProcessingFacilities_ProcessingFacilitiesID`, `FacilitiesLicenseNumber`) VALUES (DEFAULT, 307, 407, 'F28921907');
INSERT INTO `bioMed3`.`FacilitiesLicenseNumber` (`FlnID`, `RawMaterial_RawMaterialID`, `ProcessingFacilities_ProcessingFacilitiesID`, `FacilitiesLicenseNumber`) VALUES (DEFAULT, 308, 408, 'F28921908');
INSERT INTO `bioMed3`.`FacilitiesLicenseNumber` (`FlnID`, `RawMaterial_RawMaterialID`, `ProcessingFacilities_ProcessingFacilitiesID`, `FacilitiesLicenseNumber`) VALUES (DEFAULT, 309, 409, 'F28921909');
INSERT INTO `bioMed3`.`FacilitiesLicenseNumber` (`FlnID`, `RawMaterial_RawMaterialID`, `ProcessingFacilities_ProcessingFacilitiesID`, `FacilitiesLicenseNumber`) VALUES (DEFAULT, 310, 410, 'F28921910');

COMMIT;


-- -----------------------------------------------------
-- Data for table `bioMed3`.`Products`
-- -----------------------------------------------------
START TRANSACTION;
USE `bioMed3`;
INSERT INTO `bioMed3`.`Products` (`ProductID`, `ProductName`, `ProductPrice`, `Treatment`) VALUES (601, 'AK-Ultra', 50, 'bipolar');
INSERT INTO `bioMed3`.`Products` (`ProductID`, `ProductName`, `ProductPrice`, `Treatment`) VALUES (602, 'BK-Ultra', 50, 'bipolar');
INSERT INTO `bioMed3`.`Products` (`ProductID`, `ProductName`, `ProductPrice`, `Treatment`) VALUES (603, 'CK-Ultra', 101, 'diabetes');
INSERT INTO `bioMed3`.`Products` (`ProductID`, `ProductName`, `ProductPrice`, `Treatment`) VALUES (604, 'DK-Ultra', 1000, 'cancer');
INSERT INTO `bioMed3`.`Products` (`ProductID`, `ProductName`, `ProductPrice`, `Treatment`) VALUES (605, 'EK-Ultra', 125, 'diabetes');
INSERT INTO `bioMed3`.`Products` (`ProductID`, `ProductName`, `ProductPrice`, `Treatment`) VALUES (606, 'FK-Ultra', 45, 'diabetes');
INSERT INTO `bioMed3`.`Products` (`ProductID`, `ProductName`, `ProductPrice`, `Treatment`) VALUES (607, 'GK-Ultra', 848, 'cancer');
INSERT INTO `bioMed3`.`Products` (`ProductID`, `ProductName`, `ProductPrice`, `Treatment`) VALUES (608, 'LK-Ultra', 98, 'diabetes');
INSERT INTO `bioMed3`.`Products` (`ProductID`, `ProductName`, `ProductPrice`, `Treatment`) VALUES (609, 'MK-Ultra', 65, 'cancer');
INSERT INTO `bioMed3`.`Products` (`ProductID`, `ProductName`, `ProductPrice`, `Treatment`) VALUES (610, 'NK-Ultra', 32, 'bipolar');

COMMIT;


-- -----------------------------------------------------
-- Data for table `bioMed3`.`Distributors`
-- -----------------------------------------------------
START TRANSACTION;
USE `bioMed3`;
INSERT INTO `bioMed3`.`Distributors` (`DistributorID`, `YearsWithUs`, `Company_CompanyID`) VALUES (501, 10, 103);
INSERT INTO `bioMed3`.`Distributors` (`DistributorID`, `YearsWithUs`, `Company_CompanyID`) VALUES (502, 23, 109);
INSERT INTO `bioMed3`.`Distributors` (`DistributorID`, `YearsWithUs`, `Company_CompanyID`) VALUES (503, 25, 103);
INSERT INTO `bioMed3`.`Distributors` (`DistributorID`, `YearsWithUs`, `Company_CompanyID`) VALUES (504, 23, 109);
INSERT INTO `bioMed3`.`Distributors` (`DistributorID`, `YearsWithUs`, `Company_CompanyID`) VALUES (505, 12, 103);
INSERT INTO `bioMed3`.`Distributors` (`DistributorID`, `YearsWithUs`, `Company_CompanyID`) VALUES (506, 6, 109);
INSERT INTO `bioMed3`.`Distributors` (`DistributorID`, `YearsWithUs`, `Company_CompanyID`) VALUES (507, 7, 103);
INSERT INTO `bioMed3`.`Distributors` (`DistributorID`, `YearsWithUs`, `Company_CompanyID`) VALUES (508, 5, 103);
INSERT INTO `bioMed3`.`Distributors` (`DistributorID`, `YearsWithUs`, `Company_CompanyID`) VALUES (509, 12, 103);
INSERT INTO `bioMed3`.`Distributors` (`DistributorID`, `YearsWithUs`, `Company_CompanyID`) VALUES (510, 2, 109);

COMMIT;


-- -----------------------------------------------------
-- Data for table `bioMed3`.`Distributors_has_Products`
-- -----------------------------------------------------
START TRANSACTION;
USE `bioMed3`;
INSERT INTO `bioMed3`.`Distributors_has_Products` (`Distributors_DistributorID`, `Products_ProductID`) VALUES (501, 601);
INSERT INTO `bioMed3`.`Distributors_has_Products` (`Distributors_DistributorID`, `Products_ProductID`) VALUES (502, 602);
INSERT INTO `bioMed3`.`Distributors_has_Products` (`Distributors_DistributorID`, `Products_ProductID`) VALUES (503, 603);
INSERT INTO `bioMed3`.`Distributors_has_Products` (`Distributors_DistributorID`, `Products_ProductID`) VALUES (504, 604);
INSERT INTO `bioMed3`.`Distributors_has_Products` (`Distributors_DistributorID`, `Products_ProductID`) VALUES (505, 605);
INSERT INTO `bioMed3`.`Distributors_has_Products` (`Distributors_DistributorID`, `Products_ProductID`) VALUES (506, 606);
INSERT INTO `bioMed3`.`Distributors_has_Products` (`Distributors_DistributorID`, `Products_ProductID`) VALUES (507, 607);
INSERT INTO `bioMed3`.`Distributors_has_Products` (`Distributors_DistributorID`, `Products_ProductID`) VALUES (508, 608);
INSERT INTO `bioMed3`.`Distributors_has_Products` (`Distributors_DistributorID`, `Products_ProductID`) VALUES (509, 609);
INSERT INTO `bioMed3`.`Distributors_has_Products` (`Distributors_DistributorID`, `Products_ProductID`) VALUES (510, 610);

COMMIT;


-- -----------------------------------------------------
-- Data for table `bioMed3`.`Retailer`
-- -----------------------------------------------------
START TRANSACTION;
USE `bioMed3`;
INSERT INTO `bioMed3`.`Retailer` (`RetailerID`, `Company_CompanyID`) VALUES (601, 101);
INSERT INTO `bioMed3`.`Retailer` (`RetailerID`, `Company_CompanyID`) VALUES (602, 108);
INSERT INTO `bioMed3`.`Retailer` (`RetailerID`, `Company_CompanyID`) VALUES (603, 101);
INSERT INTO `bioMed3`.`Retailer` (`RetailerID`, `Company_CompanyID`) VALUES (604, 108);
INSERT INTO `bioMed3`.`Retailer` (`RetailerID`, `Company_CompanyID`) VALUES (605, 101);
INSERT INTO `bioMed3`.`Retailer` (`RetailerID`, `Company_CompanyID`) VALUES (606, 108);
INSERT INTO `bioMed3`.`Retailer` (`RetailerID`, `Company_CompanyID`) VALUES (607, 101);
INSERT INTO `bioMed3`.`Retailer` (`RetailerID`, `Company_CompanyID`) VALUES (608, 108);
INSERT INTO `bioMed3`.`Retailer` (`RetailerID`, `Company_CompanyID`) VALUES (609, 101);
INSERT INTO `bioMed3`.`Retailer` (`RetailerID`, `Company_CompanyID`) VALUES (610, 108);

COMMIT;


-- -----------------------------------------------------
-- Data for table `bioMed3`.`RetailLicenseNumber`
-- -----------------------------------------------------
START TRANSACTION;
USE `bioMed3`;
INSERT INTO `bioMed3`.`RetailLicenseNumber` (`RlnID`, `Distributors_DistributorID`, `Retailer_RetailerID`, `RetailLicenseNumber`) VALUES (1001, 501, 601, 'R123274890');
INSERT INTO `bioMed3`.`RetailLicenseNumber` (`RlnID`, `Distributors_DistributorID`, `Retailer_RetailerID`, `RetailLicenseNumber`) VALUES (1002, 502, 602, 'R123274891');
INSERT INTO `bioMed3`.`RetailLicenseNumber` (`RlnID`, `Distributors_DistributorID`, `Retailer_RetailerID`, `RetailLicenseNumber`) VALUES (1003, 503, 603, 'R123274892');
INSERT INTO `bioMed3`.`RetailLicenseNumber` (`RlnID`, `Distributors_DistributorID`, `Retailer_RetailerID`, `RetailLicenseNumber`) VALUES (1004, 504, 604, 'R123274893');
INSERT INTO `bioMed3`.`RetailLicenseNumber` (`RlnID`, `Distributors_DistributorID`, `Retailer_RetailerID`, `RetailLicenseNumber`) VALUES (1005, 505, 605, 'R123274894');
INSERT INTO `bioMed3`.`RetailLicenseNumber` (`RlnID`, `Distributors_DistributorID`, `Retailer_RetailerID`, `RetailLicenseNumber`) VALUES (1006, 506, 606, 'R123274895');
INSERT INTO `bioMed3`.`RetailLicenseNumber` (`RlnID`, `Distributors_DistributorID`, `Retailer_RetailerID`, `RetailLicenseNumber`) VALUES (1007, 507, 607, 'R123274896');
INSERT INTO `bioMed3`.`RetailLicenseNumber` (`RlnID`, `Distributors_DistributorID`, `Retailer_RetailerID`, `RetailLicenseNumber`) VALUES (1008, 508, 608, 'R123274897');
INSERT INTO `bioMed3`.`RetailLicenseNumber` (`RlnID`, `Distributors_DistributorID`, `Retailer_RetailerID`, `RetailLicenseNumber`) VALUES (1009, 509, 609, 'R123274898');
INSERT INTO `bioMed3`.`RetailLicenseNumber` (`RlnID`, `Distributors_DistributorID`, `Retailer_RetailerID`, `RetailLicenseNumber`) VALUES (1010, 510, 610, 'R123274899');

COMMIT;


-- -----------------------------------------------------
-- Data for table `bioMed3`.`Doctor`
-- -----------------------------------------------------
START TRANSACTION;
USE `bioMed3`;
INSERT INTO `bioMed3`.`Doctor` (`DoctorID`, `DoctorName`, `DoctorPhoneNumber`, `StreetAddress`, `InstitutionDegree`, `PostalCode`) VALUES (801, 'khaled1', '5148346400', 'rue simpson ', 'Masters', NULL);
INSERT INTO `bioMed3`.`Doctor` (`DoctorID`, `DoctorName`, `DoctorPhoneNumber`, `StreetAddress`, `InstitutionDegree`, `PostalCode`) VALUES (802, 'khaled2', '5148346400', 'rue simpson ', 'Masters', 'h3gj24');
INSERT INTO `bioMed3`.`Doctor` (`DoctorID`, `DoctorName`, `DoctorPhoneNumber`, `StreetAddress`, `InstitutionDegree`, `PostalCode`) VALUES (803, 'khaled3', '5148346400', 'rue simpson ', 'Masters', 'h3gj24');
INSERT INTO `bioMed3`.`Doctor` (`DoctorID`, `DoctorName`, `DoctorPhoneNumber`, `StreetAddress`, `InstitutionDegree`, `PostalCode`) VALUES (804, 'khaled4', '5148346400', 'rue simpson ', 'Masters', 'h3gj24');
INSERT INTO `bioMed3`.`Doctor` (`DoctorID`, `DoctorName`, `DoctorPhoneNumber`, `StreetAddress`, `InstitutionDegree`, `PostalCode`) VALUES (805, 'khaled5', '5148346400', 'rue simpson ', 'Masters', 'h3gj24');
INSERT INTO `bioMed3`.`Doctor` (`DoctorID`, `DoctorName`, `DoctorPhoneNumber`, `StreetAddress`, `InstitutionDegree`, `PostalCode`) VALUES (806, 'khaled6', '5148346400', 'rue simpson ', 'Masters', 'h3gj24');
INSERT INTO `bioMed3`.`Doctor` (`DoctorID`, `DoctorName`, `DoctorPhoneNumber`, `StreetAddress`, `InstitutionDegree`, `PostalCode`) VALUES (807, 'khaled7', '5148346400', 'rue simpson ', 'Masters', 'h3gj24');
INSERT INTO `bioMed3`.`Doctor` (`DoctorID`, `DoctorName`, `DoctorPhoneNumber`, `StreetAddress`, `InstitutionDegree`, `PostalCode`) VALUES (808, 'khaled8', '5148346400', 'rue simpson ', 'Masters', 'h3gj24');
INSERT INTO `bioMed3`.`Doctor` (`DoctorID`, `DoctorName`, `DoctorPhoneNumber`, `StreetAddress`, `InstitutionDegree`, `PostalCode`) VALUES (809, 'khaled9', '5148346400', 'rue simpson ', 'Masters', 'h3gj24');
INSERT INTO `bioMed3`.`Doctor` (`DoctorID`, `DoctorName`, `DoctorPhoneNumber`, `StreetAddress`, `InstitutionDegree`, `PostalCode`) VALUES (810, 'khaled10', '5148346400', 'rue simpson ', 'Masters', 'h3gj24');
INSERT INTO `bioMed3`.`Doctor` (`DoctorID`, `DoctorName`, `DoctorPhoneNumber`, `StreetAddress`, `InstitutionDegree`, `PostalCode`) VALUES (DEFAULT, NULL, NULL, NULL, NULL, '');

COMMIT;


-- -----------------------------------------------------
-- Data for table `bioMed3`.`Customer`
-- -----------------------------------------------------
START TRANSACTION;
USE `bioMed3`;
INSERT INTO `bioMed3`.`Customer` (`CustomerID`, `CustomerName`, `CustomerPhoneNumber`, `StreetAddress`, `Age`, `Gender`, `BloodType`, `PostalCode`) VALUES (901, 'matt1', '5148346400', 'rue simpson', 20, 'Male', 'A', 'h3g2j4');
INSERT INTO `bioMed3`.`Customer` (`CustomerID`, `CustomerName`, `CustomerPhoneNumber`, `StreetAddress`, `Age`, `Gender`, `BloodType`, `PostalCode`) VALUES (902, 'matt2', '5148346400', 'rue simpson', 21, 'Male', 'B', 'h3g2j4');
INSERT INTO `bioMed3`.`Customer` (`CustomerID`, `CustomerName`, `CustomerPhoneNumber`, `StreetAddress`, `Age`, `Gender`, `BloodType`, `PostalCode`) VALUES (903, 'matt3', '5148346400', 'rue simpson', 31, 'Female', 'C', 'h3g2j4');
INSERT INTO `bioMed3`.`Customer` (`CustomerID`, `CustomerName`, `CustomerPhoneNumber`, `StreetAddress`, `Age`, `Gender`, `BloodType`, `PostalCode`) VALUES (904, 'matt4', '5148346400', 'rue simpson', 41, 'Male', 'A', 'h3g2j4');
INSERT INTO `bioMed3`.`Customer` (`CustomerID`, `CustomerName`, `CustomerPhoneNumber`, `StreetAddress`, `Age`, `Gender`, `BloodType`, `PostalCode`) VALUES (905, 'matt5', '5148346400', 'rue simpson', 32, 'Female', 'B', 'h3g2j4');
INSERT INTO `bioMed3`.`Customer` (`CustomerID`, `CustomerName`, `CustomerPhoneNumber`, `StreetAddress`, `Age`, `Gender`, `BloodType`, `PostalCode`) VALUES (906, 'matt6', '5148346400', 'rue simpson', 55, 'Female', 'A', 'h3g2j4');
INSERT INTO `bioMed3`.`Customer` (`CustomerID`, `CustomerName`, `CustomerPhoneNumber`, `StreetAddress`, `Age`, `Gender`, `BloodType`, `PostalCode`) VALUES (907, 'matt7', '5148346400', 'rue simpson', 43, 'Male', 'C', 'h3g2j4');
INSERT INTO `bioMed3`.`Customer` (`CustomerID`, `CustomerName`, `CustomerPhoneNumber`, `StreetAddress`, `Age`, `Gender`, `BloodType`, `PostalCode`) VALUES (908, 'matt8', '5148346400', 'rue simpson', 23, 'Male', 'A', 'h3g2j4');
INSERT INTO `bioMed3`.`Customer` (`CustomerID`, `CustomerName`, `CustomerPhoneNumber`, `StreetAddress`, `Age`, `Gender`, `BloodType`, `PostalCode`) VALUES (909, 'matt9', '5148346400', 'rue simpson', 56, 'Female', 'B', 'h3g2j4');
INSERT INTO `bioMed3`.`Customer` (`CustomerID`, `CustomerName`, `CustomerPhoneNumber`, `StreetAddress`, `Age`, `Gender`, `BloodType`, `PostalCode`) VALUES (910, 'matt10', '5148346400', 'rue simpson', 76, 'Male', 'A', 'h3g2j4');
INSERT INTO `bioMed3`.`Customer` (`CustomerID`, `CustomerName`, `CustomerPhoneNumber`, `StreetAddress`, `Age`, `Gender`, `BloodType`, `PostalCode`) VALUES (DEFAULT, NULL, NULL, '', NULL, NULL, NULL, NULL);

COMMIT;


-- -----------------------------------------------------
-- Data for table `bioMed3`.`Perscription`
-- -----------------------------------------------------
START TRANSACTION;
USE `bioMed3`;
INSERT INTO `bioMed3`.`Perscription` (`PerscriptionID`, `PerscriptionNotes`, `Doctor_DoctorID`, `Customer_CustomerID`, `PerscriptionDate`, `PerscriptionQuantity`) VALUES (701, 'fgfdgdfgfd', 801, 901, '2000-01-01', 2);
INSERT INTO `bioMed3`.`Perscription` (`PerscriptionID`, `PerscriptionNotes`, `Doctor_DoctorID`, `Customer_CustomerID`, `PerscriptionDate`, `PerscriptionQuantity`) VALUES (702, 'gdfgfdg', 802, 902, '2001-01-01', 3);
INSERT INTO `bioMed3`.`Perscription` (`PerscriptionID`, `PerscriptionNotes`, `Doctor_DoctorID`, `Customer_CustomerID`, `PerscriptionDate`, `PerscriptionQuantity`) VALUES (703, 'fdgfdgfdgfd', 803, 903, '2002-01-01', 4);
INSERT INTO `bioMed3`.`Perscription` (`PerscriptionID`, `PerscriptionNotes`, `Doctor_DoctorID`, `Customer_CustomerID`, `PerscriptionDate`, `PerscriptionQuantity`) VALUES (704, 'fdgdfgfdgfd', 804, 904, '2003-01-01', 3);
INSERT INTO `bioMed3`.`Perscription` (`PerscriptionID`, `PerscriptionNotes`, `Doctor_DoctorID`, `Customer_CustomerID`, `PerscriptionDate`, `PerscriptionQuantity`) VALUES (705, 'gfdgdfgdfg', 805, 905, '2004-01-01', 2);
INSERT INTO `bioMed3`.`Perscription` (`PerscriptionID`, `PerscriptionNotes`, `Doctor_DoctorID`, `Customer_CustomerID`, `PerscriptionDate`, `PerscriptionQuantity`) VALUES (706, 'fdgdffdgfdg', 806, 906, '2005-01-01', 3);
INSERT INTO `bioMed3`.`Perscription` (`PerscriptionID`, `PerscriptionNotes`, `Doctor_DoctorID`, `Customer_CustomerID`, `PerscriptionDate`, `PerscriptionQuantity`) VALUES (707, 'dfgfdgdfgfd', 807, 907, '2006-01-01', 4);
INSERT INTO `bioMed3`.`Perscription` (`PerscriptionID`, `PerscriptionNotes`, `Doctor_DoctorID`, `Customer_CustomerID`, `PerscriptionDate`, `PerscriptionQuantity`) VALUES (708, 'gfdgdfgdfg', 808, 908, '2007-01-01', 3);
INSERT INTO `bioMed3`.`Perscription` (`PerscriptionID`, `PerscriptionNotes`, `Doctor_DoctorID`, `Customer_CustomerID`, `PerscriptionDate`, `PerscriptionQuantity`) VALUES (709, 'dfgdfgdfgd', 809, 909, '2008-01-01', 2);
INSERT INTO `bioMed3`.`Perscription` (`PerscriptionID`, `PerscriptionNotes`, `Doctor_DoctorID`, `Customer_CustomerID`, `PerscriptionDate`, `PerscriptionQuantity`) VALUES (710, 'gdfgdfgdgdf', 810, 910, '2009-01-01', 3);

COMMIT;


-- -----------------------------------------------------
-- Data for table `bioMed3`.`Retailer_Perscription`
-- -----------------------------------------------------
START TRANSACTION;
USE `bioMed3`;
INSERT INTO `bioMed3`.`Retailer_Perscription` (`Retailer_RetailerID`, `Perscription_PerscriptionID`) VALUES (601, 701);
INSERT INTO `bioMed3`.`Retailer_Perscription` (`Retailer_RetailerID`, `Perscription_PerscriptionID`) VALUES (602, 702);
INSERT INTO `bioMed3`.`Retailer_Perscription` (`Retailer_RetailerID`, `Perscription_PerscriptionID`) VALUES (603, 703);
INSERT INTO `bioMed3`.`Retailer_Perscription` (`Retailer_RetailerID`, `Perscription_PerscriptionID`) VALUES (604, 704);
INSERT INTO `bioMed3`.`Retailer_Perscription` (`Retailer_RetailerID`, `Perscription_PerscriptionID`) VALUES (605, 705);
INSERT INTO `bioMed3`.`Retailer_Perscription` (`Retailer_RetailerID`, `Perscription_PerscriptionID`) VALUES (606, 706);
INSERT INTO `bioMed3`.`Retailer_Perscription` (`Retailer_RetailerID`, `Perscription_PerscriptionID`) VALUES (607, 707);
INSERT INTO `bioMed3`.`Retailer_Perscription` (`Retailer_RetailerID`, `Perscription_PerscriptionID`) VALUES (608, 708);
INSERT INTO `bioMed3`.`Retailer_Perscription` (`Retailer_RetailerID`, `Perscription_PerscriptionID`) VALUES (609, 709);
INSERT INTO `bioMed3`.`Retailer_Perscription` (`Retailer_RetailerID`, `Perscription_PerscriptionID`) VALUES (610, 710);

COMMIT;


-- -----------------------------------------------------
-- Data for table `bioMed3`.`Products_has_ProcessingFacilities`
-- -----------------------------------------------------
START TRANSACTION;
USE `bioMed3`;
INSERT INTO `bioMed3`.`Products_has_ProcessingFacilities` (`Products_ProductID`, `ProcessingFacilities_ProcessingFacilitiesID`) VALUES (601, 401);
INSERT INTO `bioMed3`.`Products_has_ProcessingFacilities` (`Products_ProductID`, `ProcessingFacilities_ProcessingFacilitiesID`) VALUES (602, 402);
INSERT INTO `bioMed3`.`Products_has_ProcessingFacilities` (`Products_ProductID`, `ProcessingFacilities_ProcessingFacilitiesID`) VALUES (603, 403);
INSERT INTO `bioMed3`.`Products_has_ProcessingFacilities` (`Products_ProductID`, `ProcessingFacilities_ProcessingFacilitiesID`) VALUES (604, 404);
INSERT INTO `bioMed3`.`Products_has_ProcessingFacilities` (`Products_ProductID`, `ProcessingFacilities_ProcessingFacilitiesID`) VALUES (605, 405);
INSERT INTO `bioMed3`.`Products_has_ProcessingFacilities` (`Products_ProductID`, `ProcessingFacilities_ProcessingFacilitiesID`) VALUES (606, 406);
INSERT INTO `bioMed3`.`Products_has_ProcessingFacilities` (`Products_ProductID`, `ProcessingFacilities_ProcessingFacilitiesID`) VALUES (607, 407);
INSERT INTO `bioMed3`.`Products_has_ProcessingFacilities` (`Products_ProductID`, `ProcessingFacilities_ProcessingFacilitiesID`) VALUES (608, 408);
INSERT INTO `bioMed3`.`Products_has_ProcessingFacilities` (`Products_ProductID`, `ProcessingFacilities_ProcessingFacilitiesID`) VALUES (609, 409);
INSERT INTO `bioMed3`.`Products_has_ProcessingFacilities` (`Products_ProductID`, `ProcessingFacilities_ProcessingFacilitiesID`) VALUES (610, 410);

COMMIT;

